"Index","obs","Ncasos","Ncasos.low","Ncasos.up","NI","NI.low","NI.up","data"
2000-01-02,0,0.0659467715688757,0.0206175220122852,0.136059902525868,5.9165,2,11,2000-01-02
2000-01-09,2,0.146917905665592,0.0424014043080066,0.342922015754672,13.30625,4,30,2000-01-09
2000-01-16,0,0.190749948266003,0.0446501293806686,0.491359359143797,17.45225,4,44,2000-01-16
2000-01-23,0,0.248832126171754,0.05402933614192,0.647498440116113,22.97225,5,59.024795708457,2000-01-23
2000-01-30,1,0.337906577096601,0.0743020168823112,0.913343848479875,31.44375,7,87,2000-01-30
2000-02-06,0,0.385837933203294,0.0865820198838042,1.002529551312,36.12825,8,99,2000-02-06
2000-02-13,1,0.475910125894451,0.116032426004228,1.1928970229137,44.70625,10,121,2000-02-13
2000-02-20,1,0.513172050257472,0.130565038466946,1.29792257787963,48.2125,11,127,2000-02-20
2000-02-27,0,0.506792031771738,0.13155906639611,1.23883307773208,47.7835,11,126,2000-02-27
2000-03-05,0,0.552933679976938,0.150702391771493,1.3275667715162,52.217,12,136,2000-03-05
2000-03-12,1,0.68115765890443,0.198393294297911,1.65533372410456,64.31775,17,166,2000-03-12
2000-03-19,0,0.789046118706286,0.254581080692407,1.79377748549971,74.667,20,183,2000-03-19
2000-03-26,1,1.0644360009608,0.356305906434862,2.2467446581752,100.8705,29,241.049798816204,2000-03-26
2000-04-02,3,1.45833815061519,0.545213645019374,3.00401391981878,138.21575,44,324,2000-04-02
2000-04-09,0,1.45674842595646,0.56718868081203,2.90621456203246,138.11775,46,316.024961512124,2000-04-09
2000-04-16,0,1.98784002126973,0.863420562108716,3.86834433656292,188.59,70,417.02497081944,2000-04-16
2000-04-23,4,3.96932692705021,1.96587379936398,7.03318743589143,375.77275,154.974921035395,755.049935542847,2000-04-23
2000-04-30,16,7.88350743767522,4.43469110357964,12.8442358121347,748.45275,346.949858974712,1452.02499161021,2000-04-30
2000-05-07,0,3.05235896598373,1.43331084736391,5.50027790539636,290.437,112,609,2000-05-07
2000-05-14,3,2.22828164855017,0.921227135764059,4.28553911903901,211.10675,74.9748360593145,472,2000-05-14
2000-05-21,1,1.3614509345673,0.494357722901068,2.79094992867916,129.244,38,299,2000-05-21
2000-05-28,0,0.898130943893202,0.275121022482858,1.98670039837236,85.19175,23,210.024942145581,2000-05-28
2000-06-04,1,0.709348483429382,0.188110429178527,1.61959384520374,67.16625,15.9742054064523,170,2000-06-04
2000-06-11,0,0.532087907566161,0.124344844848348,1.27127303047479,50.489,10,130.02490672206,2000-06-11
2000-06-18,0,0.442160502999981,0.0974224951568929,1.10184067147583,42.007,8,113,2000-06-18
2000-06-25,1,0.413447657720339,0.085353374431139,1.05632800264794,39.27175,7,108,2000-06-25
2000-07-02,0,0.332868545995763,0.0602558981950196,0.873577595361124,31.69575,5,92,2000-07-02
2000-07-09,0,0.283265282077245,0.0495047506726779,0.776947953292051,26.959,4,78.9999999999999,2000-07-09
2000-07-16,0,0.259033253349405,0.0376604849880128,0.739533779998734,24.70275,3,74,2000-07-16
2000-07-23,0,0.249464474865085,0.0392236764935518,0.69966136870258,23.792,3,73,2000-07-23
2000-07-30,0,0.25376967955357,0.0427531295519186,0.737091348738941,24.1795,4,75,2000-07-30
2000-08-06,0,0.271857199801157,0.0472254683108555,0.745292456638632,25.83775,4,78.9999999999999,2000-08-06
2000-08-13,0,0.3104895458518,0.0620634888025042,0.837087026101254,29.539,5,88.024862533088,2000-08-13
2000-08-20,1,0.378664980328537,0.0833009214566026,1.02120828191736,35.9535,7,99.0248777064729,2000-08-20
2000-08-27,1,0.404747898429528,0.086104159040181,1.05517066321296,38.3905,7,108.024887835956,2000-08-27
2000-09-03,0,0.374789072076898,0.0754298708992455,0.995246696803521,35.61275,7,100,2000-09-03
2000-09-10,0,0.37348823679458,0.0799857034487708,0.98011728010721,35.49875,7,100,2000-09-10
2000-09-17,0,0.40329955460062,0.0959973416999426,1.0263879941774,38.3865,8,106.024885732695,2000-09-17
2000-09-24,0,0.478662399632978,0.12394965745909,1.18055759136371,45.552,10,121,2000-09-24
2000-10-01,0,0.625387279288375,0.179910916502804,1.44964480238002,59.44,15,150.024919104838,2000-10-01
2000-10-08,0,0.926645639176312,0.299752270744331,2.0378511603952,87.91725,25,216,2000-10-08
2000-10-15,6,1.66084332074375,0.623450180096209,3.54360937640098,157.499,51,366.024966760594,2000-10-15
2000-10-22,0,1.18846659999104,0.40914997199277,2.48756273300359,112.54275,35,265,2000-10-22
2000-10-29,0,1.10267694684267,0.389237608720941,2.35644804628429,104.56425,32,253.074569807412,2000-10-29
2000-11-05,4,1.27971658683274,0.453563202137291,2.77319471870643,121.423,37,289.024957924538,2000-11-05
2000-11-12,0,0.822040901487385,0.244290568299587,1.80598169655974,78.06375,20.9744007793622,193.024937066905,2000-11-12
2000-11-19,0,0.63081695182565,0.177844180235751,1.52240398911363,59.80975,14,156,2000-11-19
2000-11-26,0,0.559937263926219,0.148636729399906,1.37907965353271,53.14125,12,140,2000-11-26
2000-12-03,1,0.557437516599431,0.15112800942656,1.38956036599107,52.8745,12,141.024913965286,2000-12-03
2000-12-10,0,0.505705627534911,0.131430823574994,1.26236386220082,47.95325,11,124,2000-12-10
2000-12-17,0,0.513225795598645,0.135847440260478,1.27824422844263,48.7265,11,128.02490527204,2000-12-17
2000-12-24,1,0.576804338381738,0.143306519178969,1.39982096623635,54.76875,12,143,2000-12-24
2000-12-31,1,0.582890140134445,0.153233652965333,1.43072089840807,55.101,13,144,2000-12-31
2001-01-07,0,0.536464863507919,0.133763944011108,1.32529630483553,50.745,12,133.024908815724,2001-01-07
2001-01-14,1,0.553390703605887,0.144456649949389,1.34235812709807,52.37425,13,135,2001-01-14
2001-01-21,0,0.524392865587897,0.135338328248618,1.28821558728961,49.6925,12,135,2001-01-21
2001-01-28,0,0.554849378991588,0.136893891148499,1.342688378301,52.58925,12,138,2001-01-28
2001-02-04,2,0.651742988102129,0.171717599857647,1.53413694075545,61.78675,15,164.024925982943,2001-02-04
2001-02-11,0,0.568454047578593,0.155699778556062,1.41194962765199,53.934,13,150,2001-02-11
2001-02-18,0,0.565940398368233,0.149835063285326,1.37009869532686,53.69875,12,144,2001-02-18
2001-02-25,1,0.630190538095639,0.170022412105722,1.50948575345711,59.66,15,152,2001-02-25
2001-03-04,0,0.643790920214465,0.180195942202567,1.50137953698654,60.9255,15,155,2001-03-04
2001-03-11,2,0.760126136821776,0.221275737837919,1.80462771065648,72.122,18,184,2001-03-11
2001-03-18,0,0.672214118392752,0.187780054665036,1.58195597966009,63.58575,15,160,2001-03-18
2001-03-25,1,0.696203110772795,0.199518309877275,1.65353317469573,65.90425,17,169,2001-03-25
2001-04-01,0,0.667530063083306,0.192750971582847,1.57123074691906,63.1445,16,162.024925072847,2001-04-01
2001-04-08,0,0.757090785437101,0.236865279862396,1.7302409358012,71.6045,20,182,2001-04-08
2001-04-15,4,0.984627771735065,0.309341638365517,2.2712181634295,93.273,26,233.024947840454,2001-04-15
2001-04-22,0,0.659400306113333,0.185364473514152,1.52982971706183,62.538,16,158,2001-04-22
2001-04-29,1,0.52108698949936,0.130934006405214,1.30316531924729,49.41525,11,132,2001-04-29
2001-05-06,0,0.367413083172195,0.0712011653199783,1.00504234937794,34.96625,6,99.0248777064729,2001-05-06
2001-05-13,0,0.286883565403645,0.0486003082106274,0.797061838924093,27.22475,4,80,2001-05-13
2001-05-20,0,0.233851069199506,0.0346415667951549,0.709442183003347,22.1305,3,69,2001-05-20
2001-05-27,0,0.198691547322207,0.0270369488201135,0.6269631632426,18.85725,2,61,2001-05-27
2001-06-03,0,0.176176193770094,0.0227623991074975,0.538133019718334,16.7925,2,56,2001-06-03
2001-06-10,0,0.16324324625507,0.0202011564179422,0.531333413117439,15.494,2,53,2001-06-10
2001-06-17,0,0.155466506431012,0.0195475737059023,0.483127321491435,14.7225,2,48,2001-06-17
2001-06-24,0,0.153313266421057,0.0204947514396501,0.483129715571425,14.43725,2,48,2001-06-24
2001-07-01,0,0.159367147120646,0.0226363179596144,0.489724346523054,15.02625,2,48,2001-07-01
2001-07-08,0,0.1717074582063,0.0248570087585763,0.523814216855234,16.178,2,52,2001-07-08
2001-07-15,0,0.188715351639173,0.0270108220030705,0.580579132866541,17.7555,2,57.0247886219407,2001-07-15
2001-07-22,0,0.211213392849944,0.0330276582601031,0.631699381314372,19.9045,3,65,2001-07-22
2001-07-29,1,0.25126792617931,0.0442110669137078,0.717867782309235,23.66625,4,71.0248299202182,2001-07-29
2001-08-05,0,0.250232498509715,0.0414829033722253,0.760917931065011,23.60025,4,73,2001-08-05
2001-08-12,1,0.262927845781975,0.0457437770989597,0.744539249592972,24.86275,4,76,2001-08-12
2001-08-19,0,0.223589239600627,0.0337373130697353,0.659263128692892,21.166,3,66.0248171623273,2001-08-19
2001-08-26,0,0.203216004891151,0.02997864590767,0.605279764183233,19.268,3,61.0248023352241,2001-08-26
2001-09-02,0,0.194425517388558,0.0276709916546091,0.584246149544534,18.416,2,59,2001-09-02
2001-09-09,0,0.192172771760281,0.0287382905789353,0.58422727669417,18.236,2,58,2001-09-09
2001-09-16,0,0.199698066876845,0.0288172452653488,0.617931325836911,18.959,2,61,2001-09-16
2001-09-23,0,0.215643998952771,0.0345042753116838,0.627458876348889,20.46,3,64,2001-09-23
2001-09-30,0,0.244382597274904,0.0427818876789977,0.695575974915337,23.15,4,70,2001-09-30
2001-10-07,0,0.289734126311862,0.0562295214021233,0.802062792582947,27.37725,5,80,2001-10-07
2001-10-14,2,0.367507503672615,0.0773788161074547,0.988951629332198,34.69025,7,101,2001-10-14
2001-10-21,0,0.314034457658869,0.0632790729945606,0.830113423702746,29.6745,5,85,2001-10-21
2001-10-28,0,0.291037865189883,0.0538817599990183,0.777906225721289,27.52575,4,82,2001-10-28
2001-11-04,0,0.28956320486601,0.0538190784932284,0.82918285144206,27.4005,4,82,2001-11-04
2001-11-11,0,0.29889145619499,0.0562990617235053,0.822722193140396,28.26925,5,82.0248525544859,2001-11-11
2001-11-18,0,0.335908039548768,0.0674762309157128,0.912030405909972,31.7805,6,92,2001-11-18
2001-11-25,1,0.403905809627932,0.0838350423907085,1.07232489995683,38.23925,7,109.024888858816,2001-11-25
2001-12-02,1,0.423566162703884,0.0880754733107632,1.12153728457907,40.15125,8,114,2001-12-02
2001-12-09,0,0.383950193806276,0.0795352374641042,1.00878105376438,36.4045,7,103,2001-12-09
2001-12-16,0,0.383144852283097,0.0855476599114768,1.00143115885578,36.42875,7,103,2001-12-16
2001-12-23,0,0.418978357048614,0.0977728575843889,1.09178212436324,39.708,8,113,2001-12-23
2001-12-30,0,0.487912224801775,0.120516157257319,1.19797273304074,46.208,10,124,2001-12-30
2002-01-06,0,0.633956329971114,0.182884019062835,1.45109016471986,60.30775,16,156.02492220313,2002-01-06
2002-01-13,0,0.942918049399284,0.309268706170243,2.03690029761314,89.471,27,225,2002-01-13
2002-01-20,4,1.67535609320141,0.62317228696428,3.38208900851594,158.83475,53,365.024966669692,2002-01-20
2002-01-27,3,1.85362217844898,0.721984218129235,3.68740505528804,175.63875,60,389.024968722587,2002-01-27
2002-02-03,1,1.63932311953857,0.64827438240294,3.2850744252872,155.245,54,352,2002-02-03
2002-02-10,1,1.63739700409631,0.672005120936936,3.20935557261684,154.95225,54,343,2002-02-10
2002-02-17,3,1.87767259060629,0.753746949425876,3.6539178644198,177.917,63,401.024969657036,2002-02-17
2002-02-24,3,1.71266549291373,0.661092535656162,3.46826048818021,162.496,54,362,2002-02-24
2002-03-03,0,1.18729776026789,0.434215363877247,2.50062254019206,112.53575,35,259,2002-03-03
2002-03-10,0,1.04863275132769,0.370571046723401,2.23327597005617,99.62125,30,235,2002-03-10
2002-03-17,0,1.16035014120381,0.420541680489336,2.48932083380266,110.3975,33.9746344479613,264.024953950025,2002-03-17
2002-03-24,4,1.59389430108832,0.597592216149383,3.36676000042404,150.955,48,347,2002-03-24
2002-03-31,2,1.35554125852301,0.477842225559075,2.87388448553504,128.2745,40,296,2002-03-31
2002-04-07,1,0.999107895044695,0.329180286370293,2.18171011197517,94.84775,27,231,2002-04-07
2002-04-14,0,0.733393802055117,0.224456467105194,1.71835426156546,69.59125,19,177.024931399099,2002-04-14
2002-04-21,0,0.638485116949497,0.177987045744656,1.52213218693606,60.3055,15,149,2002-04-21
2002-04-28,0,0.626194527591725,0.180871651212699,1.49959522536984,59.09475,15,151,2002-04-28
2002-05-05,3,0.710218089896623,0.206906343203833,1.68700420118804,66.90825,18,172,2002-05-05
2002-05-12,0,0.48502580360389,0.113915292308857,1.20385119908385,45.6595,9,118.024897288725,2002-05-12
2002-05-19,0,0.363368155053753,0.0718498229029113,0.948002935775737,34.274,6,96.0248739107843,2002-05-19
2002-05-26,0,0.296703238895939,0.0517211608655262,0.820335811123395,27.94875,4,81.024850748816,2002-05-26
2002-06-02,0,0.25503951285178,0.04013217660986,0.719312230241748,23.94375,3,71,2002-06-02
2002-06-09,0,0.232709411026314,0.0349079690885967,0.681582424643157,21.868,3,67,2002-06-09
2002-06-16,0,0.226175531171395,0.0349174172384078,0.656734243089459,21.19725,3,64.0248115066749,2002-06-16
2002-06-23,1,0.229088624393517,0.0355289366830524,0.692122098994216,21.471,3,69,2002-06-23
2002-06-30,0,0.185391560476077,0.0233365056370631,0.561327935102966,17.463,2,57,2002-06-30
2002-07-07,0,0.157538133515142,0.0186750221489725,0.487150620743165,14.8595,2,50,2002-07-07
2002-07-14,0,0.139122465730406,0.0147614133769862,0.453937081338606,13.09975,1,44,2002-07-14
2002-07-21,0,0.124949182839687,0.0136727127195684,0.412150902387685,11.73875,1,40,2002-07-21
2002-07-28,0,0.115488734343184,0.0121832042031771,0.383165582560116,10.80425,1,36.0246675241156,2002-07-28
2002-08-04,0,0.107751581669822,0.0122599773091281,0.351657329459371,10.085,1,36,2002-08-04
2002-08-11,0,0.103106084031377,0.0116571084956219,0.363534148669171,9.65,1,34,2002-08-11
2002-08-18,0,0.0996342938989544,0.011257601297972,0.333202588157327,9.31725,1,33,2002-08-18
2002-08-25,0,0.0993522486622394,0.0113182264265164,0.337524427017356,9.2655,1,33,2002-08-25
2002-09-01,0,0.0943594818581519,0.0112081363460386,0.313723194213515,8.773,1,31,2002-09-01
2002-09-08,0,0.0942371934642287,0.0111055931722658,0.328092725585608,8.75575,1,32,2002-09-08
2002-09-15,0,0.0941774485994744,0.0114332852742075,0.323752098684361,8.769,1,32,2002-09-15
2002-09-22,0,0.0955294262421491,0.0108286194908907,0.326458147888859,8.88425,1,32,2002-09-22
2002-09-29,0,0.0977945769583219,0.0114228378966444,0.332596915540897,9.1,1,33,2002-09-29
2002-10-06,0,0.100816334286863,0.0116495586995031,0.345206439710725,9.39675,1,33,2002-10-06
2002-10-13,0,0.104612103488587,0.0123691892391886,0.359250420957643,9.77475,1,34,2002-10-13
2002-10-20,0,0.108400754462698,0.0121470907291851,0.361145656675896,10.11975,1,34.0246483364457,2002-10-20
2002-10-27,0,0.114856013838986,0.0125973408583705,0.371376195639712,10.741,1,37,2002-10-27
2002-11-03,0,0.125492554806654,0.0151352404039639,0.392096189482684,11.749,1,39,2002-11-03
2002-11-10,0,0.13813713577655,0.0171086886061353,0.43187584585506,12.9465,2,42,2002-11-10
2002-11-17,0,0.157061634557649,0.0207103225926018,0.479790972323099,14.7735,2,47,2002-11-17
2002-11-24,0,0.185880770441093,0.0291065601217356,0.530571983992769,17.54625,3,54,2002-11-24
2002-12-01,0,0.229132644176108,0.0405902776745766,0.679764418878192,21.6785,3,68,2002-12-01
2002-12-08,1,0.287728662709968,0.0533542561683766,0.806199298362014,27.20275,5,84,2002-12-08
2002-12-15,0,0.309710770336502,0.0653580213199652,0.856089579631951,29.25075,6,86,2002-12-15
2002-12-22,0,0.350442252643407,0.0772203805458741,0.91172506880086,33.1915,7,93,2002-12-22
2002-12-29,0,0.437344647357054,0.112792758980086,1.07309085033805,41.42825,9,110,2002-12-29
2003-01-05,0,0.590186727326757,0.166125211104428,1.43955835899583,55.97725,14,146.049669076777,2003-01-05
2003-01-12,1,0.89628886597064,0.289564864536262,2.03845905201211,85.08275,23,216,2003-01-12
2003-01-19,3,1.32492915675856,0.477285807677742,2.81710768249326,125.76525,38.9746821221989,301,2003-01-19
2003-01-26,1,1.39152743512912,0.525268484167203,2.84756658198468,131.8815,42,305,2003-01-26
2003-02-02,2,1.58258386700593,0.611626017399494,3.18809828776106,149.93825,50,336,2003-02-02
2003-02-09,0,1.64887113935596,0.634361105835249,3.32415667345505,156.329,53,350.049861236049,2003-02-09
2003-02-16,6,2.40294103324961,1.00250123957046,4.7244867826315,227.253,82,495.024975411484,2003-02-16
2003-02-23,2,1.66536993992463,0.659758251843888,3.33336014109607,157.71275,53,353.024965538758,2003-02-23
2003-03-02,1,1.07874618341512,0.364201410343526,2.40019899349354,102.54275,30,246,2003-03-02
2003-03-09,0,0.698787981128455,0.203640785386899,1.61525121209859,66.62575,17,171.024929001272,2003-03-09
2003-03-16,0,0.532590555500034,0.139110624979127,1.2546242022796,50.538,12,131,2003-03-16
2003-03-23,0,0.450194771098521,0.110770292731726,1.17625788695707,42.78325,9,121.024899821525,2003-03-23
2003-03-30,0,0.418711707719892,0.097075954380042,1.08470649645564,39.76,8,111,2003-03-30
2003-04-06,0,0.430663946096211,0.0970807722886489,1.14378535553045,40.929,9,116,2003-04-06
2003-04-13,0,0.483108612859992,0.120198695443023,1.18585794685636,45.76325,10,125,2003-04-13
2003-04-20,3,0.587494739815164,0.154003725883734,1.46018675931743,55.552,13,146.02491689847,2003-04-20
2003-04-27,0,0.423201159670095,0.0934037499708362,1.09435340331146,39.98775,8,113.024892770264,2003-04-27
2003-05-04,0,0.335744709127092,0.0647819737261629,0.933198715590396,31.82575,5.97271399904857,91,2003-05-04
2003-05-11,0,0.28449514789182,0.0518698710211086,0.798817371901917,27.0365,4,78.9999999999999,2003-05-11
2003-05-18,0,0.257881458762973,0.0417120341826033,0.748894696476928,24.528,3,76,2003-05-18
2003-05-25,0,0.244785232649929,0.0388673176959864,0.73629172614976,23.282,3,71.9999999999999,2003-05-25
2003-06-01,0,0.246664579659266,0.0389862607780592,0.699679755219465,23.40425,3,71,2003-06-01
2003-06-08,0,0.262485696855488,0.044645662944271,0.756965873412782,24.8985,4,76,2003-06-08
2003-06-15,0,0.295213755359729,0.0516217185372637,0.829187821272156,28.003,4,84,2003-06-15
2003-06-22,0,0.34450386989322,0.0648865786495406,0.903917335929053,32.6435,6,94,2003-06-22
2003-06-29,0,0.442605484707055,0.101349106103079,1.15780793296894,41.813,9,114,2003-06-29
2003-07-06,3,0.609864990330917,0.160156156775764,1.48363286025564,57.6395,14,153,2003-07-06
2003-07-13,1,0.504849050818244,0.118849735627467,1.2713352195431,47.54175,10,129,2003-07-13
2003-07-20,0,0.367561806757847,0.0712852145134463,0.980674022526243,34.8,6,100.024878921424,2003-07-20
2003-07-27,0,0.290803968497311,0.0498244620115001,0.812989566785919,27.5755,4,85,2003-07-27
2003-08-03,0,0.249199052702373,0.0389260375412933,0.741740496498229,23.602,3,73,2003-08-03
2003-08-10,0,0.221252144935619,0.0341012241967793,0.648663033846959,20.9125,3,65,2003-08-10
2003-08-17,0,0.209914087939343,0.0293782230443926,0.623329873903335,19.85025,3,63,2003-08-17
2003-08-24,0,0.207760841061345,0.0286835359671956,0.612803817099217,19.608,3,62,2003-08-24
2003-08-31,1,0.209849235756903,0.0325478398191382,0.59912253220429,19.771,3,60,2003-08-31
2003-09-07,0,0.174910091698376,0.0229588010744293,0.530129744810828,16.47425,2,52,2003-09-07
2003-09-14,0,0.152120330573687,0.0169540493917644,0.480191814966582,14.27925,2,47,2003-09-14
2003-09-21,0,0.133133486215308,0.0135037285996008,0.446167894842206,12.52925,1,42,2003-09-21
2003-09-28,0,0.122012881026221,0.014477411221693,0.40610165899376,11.47375,1,39,2003-09-28
2003-10-05,0,0.113347879385162,0.0128561718781747,0.378871961891795,10.679,1,37,2003-10-05
2003-10-12,0,0.108149219851884,0.011518548365034,0.363111936656597,10.16875,1,36,2003-10-12
2003-10-19,0,0.102881101175504,0.0121413292665216,0.340760558607927,9.644,1,34,2003-10-19
2003-10-26,0,0.102348451283649,0.0114795607120775,0.34274197885633,9.57225,1,34,2003-10-26
2003-11-02,0,0.0996779659342614,0.0116658515016836,0.34337929858765,9.31875,1,32,2003-11-02
2003-11-09,0,0.100519400842291,0.0110465910191374,0.350500305872783,9.3815,1,34,2003-11-09
2003-11-16,0,0.102236055138452,0.0112471837607998,0.360647050765525,9.56275,1,34,2003-11-16
2003-11-23,0,0.103938365524749,0.011206528636392,0.348110781775496,9.73225,1,36,2003-11-23
2003-11-30,0,0.107468217835375,0.0115221475660739,0.367302643796674,10.07575,1,38,2003-11-30
2003-12-07,0,0.114007388713816,0.0129198601454211,0.378617963955061,10.70775,1,36,2003-12-07
2003-12-14,0,0.121872849361255,0.0142556826206117,0.406106540246711,11.47425,1,40,2003-12-14
2003-12-21,0,0.1334402360008,0.0164347011664219,0.426615617754993,12.58725,2,43,2003-12-21
2003-12-28,0,0.147230738827014,0.0185307962251898,0.456333389877173,13.935,2,46,2003-12-28
2004-01-04,0,0.169081576551504,0.0254197759451854,0.528709948142594,16.01275,2,53,2004-01-04
2004-01-11,0,0.200439179505865,0.0323558704796326,0.598418228815042,18.97275,3,60,2004-01-11
2004-01-18,0,0.248178098317508,0.0448085303523807,0.715565484568713,23.44275,4,71.9999999999999,2004-01-18
2004-01-25,1,0.317039059190078,0.0643437074008563,0.86512683058293,29.94675,5,84,2004-01-25
2004-02-01,0,0.347667410292336,0.0745568338543846,0.912472599889156,32.81075,6,90,2004-02-01
2004-02-08,0,0.411430995477778,0.101483650575966,1.04482880772924,38.95575,8,103.024882425624,2004-02-08
2004-02-15,0,0.531309318120425,0.142628233392585,1.26813916812516,50.26625,12,130,2004-02-15
2004-02-22,3,0.774753566299043,0.230070676390198,1.77930214555673,73.141,20,184,2004-02-22
2004-02-29,0,0.69220315210149,0.204833643182298,1.60668043933103,65.5005,17,162,2004-02-29
2004-03-07,0,0.712151074847878,0.221592734885324,1.60858425107794,67.53525,19,171,2004-03-07
2004-03-14,0,0.857688931924125,0.275757181484488,1.87295244094718,81.428,23,202,2004-03-14
2004-03-21,4,1.24304543488781,0.431581880585151,2.72906891782146,118.036,35,283.024957034548,2004-03-21
2004-03-28,0,0.986120075732817,0.328505379851254,2.24678039748116,93.57225,27,230,2004-03-28
2004-04-04,0,0.972803998528638,0.342411936388976,2.15866206202939,92.38325,28,222.024945263608,2004-04-04
2004-04-11,1,1.16563363792548,0.429323053493038,2.40664181410998,110.56325,35,255,2004-04-11
2004-04-18,0,1.4253203644346,0.555281968062548,2.7942970235089,135.25075,45,301.024959598306,2004-04-18
2004-04-25,0,2.32290908997151,1.04367866331972,4.25192592836269,220.3775,83,460.024973543292,2004-04-25
2004-05-02,14,6.07296783542051,3.02370011822548,10.2784631786305,575.47825,247,1162,2004-05-02
2004-05-09,0,3.13843024919698,1.45652223712182,5.66464768558007,298.08175,118,619,2004-05-09
2004-05-16,0,3.10033746650333,1.46390431059777,5.61880027909303,293.83225,114.974893411101,616,2004-05-16
2004-05-23,14,5.68079145727759,2.93907252883559,9.64038350577255,537.13025,235,1062.02498853112,2004-05-23
2004-05-30,0,1.90977257306739,0.767726092810901,3.79312526432334,180.945,63,397,2004-05-30
2004-06-06,0,0.943448655343348,0.301317820686179,2.1007796847023,89.29225,25,216,2004-06-06
2004-06-13,0,0.583847544274604,0.143984749854741,1.44579161447872,55.3365,12,149,2004-06-13
2004-06-20,0,0.399010911235248,0.0806421888312049,1.05158640266589,37.7655,7,105.024884651205,2004-06-20
2004-06-27,0,0.297526331962896,0.0507755278227934,0.818995027405916,28.181,4,83,2004-06-27
2004-07-04,0,0.231431436762376,0.0337960953248753,0.686320045531643,21.90325,3,69,2004-07-04
2004-07-11,0,0.19350271111338,0.0252427228320609,0.601857416312786,18.27625,2,61,2004-07-11
2004-07-18,0,0.167119074341512,0.0202510421327169,0.527299116464477,15.78275,2,54,2004-07-18
2004-07-25,0,0.147229200197844,0.0162855353917946,0.45755969077108,13.88125,2,45.0247330645079,2004-07-25
2004-08-01,0,0.134294840548043,0.0143520577513309,0.461254442237128,12.67,1,44,2004-08-01
2004-08-08,0,0.125394503505606,0.0133884804893451,0.419827239204651,11.81825,1,42,2004-08-08
2004-08-15,0,0.119043829660781,0.0133768305297641,0.401008133882725,11.2505,1,39.0246926765159,2004-08-15
2004-08-22,0,0.116600533049569,0.0126569480588512,0.393893645988966,11.00575,1,38,2004-08-22
2004-08-29,0,0.117470630419215,0.0130812472051145,0.381557876863239,11.1235,1,39,2004-08-29
2004-09-05,0,0.119617190526619,0.013402249075988,0.389183066459511,11.34125,1,40,2004-09-05
2004-09-12,0,0.124479025487481,0.0138793832182049,0.397599256724784,11.80025,1,41,2004-09-12
2004-09-19,0,0.131423399656578,0.0147194546093799,0.412351323949451,12.42925,1,42,2004-09-19
2004-09-26,0,0.144207780837332,0.0184427110179721,0.460099110808276,13.6085,2,45,2004-09-26
2004-10-03,0,0.162046472950365,0.0206828313719431,0.494612319779144,15.2895,2,50,2004-10-03
2004-10-10,0,0.185286195226599,0.0258665431095356,0.572537244794748,17.46825,2,55,2004-10-10
2004-10-17,0,0.220975282557061,0.0352778123629389,0.65849566182358,20.815,3,65,2004-10-17
2004-10-24,0,0.271881058217516,0.0531910865788978,0.773841795357601,25.769,5,76.0248410138039,2004-10-24
2004-10-31,0,0.353914862778108,0.0779612391698555,0.941981259537922,33.552,7,97.0248752019256,2004-10-31
2004-11-07,0,0.498837981450099,0.123216501196172,1.22933769438793,47.1275,11,127,2004-11-07
2004-11-14,2,0.776227562529129,0.226173804802652,1.7796083298756,73.514,19,186.024934706801,2004-11-14
2004-11-21,2,0.936460675266974,0.29810339650963,2.1320791099557,88.92125,25,220.024944767488,2004-11-21
2004-11-28,0,0.911752554324651,0.29718209002142,1.95259946271608,86.591,25,204.049762560628,2004-11-28
2004-12-05,1,1.07267504658792,0.369879766745341,2.33644701442591,101.7185,31,238.024948933223,2004-12-05
2004-12-12,1,1.28958644913157,0.470933268655639,2.75275130921271,122.401,39,288,2004-12-12
2004-12-19,2,1.64632985001509,0.651377616372504,3.25003325644785,156.12975,52,348,2004-12-19
2004-12-26,2,1.93824036008876,0.819400767675438,3.73178373103857,183.53125,67,409.024970249589,2004-12-26
2005-01-02,0,2.24816597990457,1.00919356716684,4.14385338915841,213.25975,79,451.074757850277,2005-01-02
2005-01-09,9,4.1284552474133,1.99265487353009,7.38744950767229,391.7585,158.974923030194,791,2005-01-09
2005-01-16,0,2.82622718579582,1.29255159480621,5.13910640870263,268.11075,105,555.049912369989,2005-01-16
2005-01-23,5,3.34902154674167,1.54926300773946,5.98545924701575,317.246,124,670.024981827555,2005-01-23
2005-01-30,1,2.85043464662448,1.32608554671993,5.15833585997487,270.2625,106,554,2005-01-30
2005-02-06,2,3.54672171135156,1.72169787255243,6.18510398259054,335.96025,137,671.024981854611,2005-02-06
2005-02-13,11,6.00503036787712,3.19152196435279,9.95042801947185,570.11125,249,1128.0499568323,2005-02-13
2005-02-20,3,3.74442527322157,1.79209620112805,6.65770395256191,355.36375,147.974917283876,739,2005-02-20
2005-02-27,3,2.69183426498259,1.2253508679951,4.95929237966099,255.85525,97,539.024977416262,2005-02-27
2005-03-06,1,1.83223576838292,0.745677602869568,3.53259558681886,174.11425,59,389.024968722587,2005-03-06
2005-03-13,3,1.46499812872714,0.538896996932843,3.01745895667708,139.1785,43,317,2005-03-13
2005-03-20,0,0.843244720659866,0.248767405437312,1.89440351033269,80.201,20,199,2005-03-20
2005-03-27,0,0.574303975227,0.14932893042587,1.37405553686104,54.5525,12,143,2005-03-27
2005-04-03,0,0.431620196201267,0.0975194249120002,1.07946788783985,40.943,8,112.024891818442,2005-04-03
2005-04-10,0,0.361181781238863,0.0733339326610193,0.971357061410502,34.2515,6,98,2005-04-10
2005-04-17,0,0.329331801839717,0.0631767831840079,0.889790216409341,31.29175,5,91,2005-04-17
2005-04-24,0,0.316713876413963,0.0619778891329652,0.852513238250533,30.11475,5,86.0248593604225,2005-04-24
2005-05-01,0,0.329782476609002,0.065166426809392,0.891442052876737,31.32075,5,91,2005-05-01
2005-05-08,1,0.375067119576285,0.0797056183967517,0.998632277013913,35.705,6.97307554464137,103,2005-05-08
2005-05-15,0,0.36016090620661,0.0780583178817202,0.958215989079463,34.20025,7,99,2005-05-15
2005-05-22,0,0.37049051899692,0.0839629728630286,0.972589188951737,35.1765,7,98,2005-05-22
2005-05-29,0,0.422260248288175,0.0999886554208421,1.09050841904655,40.035,8,108.024887835956,2005-05-29
2005-06-05,1,0.520053582076533,0.128844494642404,1.32183979253197,49.37725,11,136,2005-06-05
2005-06-12,0,0.574035346753292,0.160251288438297,1.39258061489613,54.37675,13,147,2005-06-12
2005-06-19,3,0.721286308330359,0.204745129059021,1.69997992101123,68.2725,17,172,2005-06-19
2005-06-26,0,0.557065387593844,0.148135669690549,1.37019152715619,52.69525,12,143.024915163061,2005-06-26
2005-07-03,0,0.483189610759888,0.123325460457458,1.19098745042741,45.6615,10,121,2005-07-03
2005-07-10,0,0.469050781210136,0.121851642422391,1.16768844696547,44.26975,10,115.02489462453,2005-07-10
2005-07-17,0,0.497156743655224,0.128972289064252,1.2403490624987,47.1305,11,126,2005-07-17
2005-07-24,1,0.589928667865547,0.164805339382234,1.43878945416848,55.807,13,147,2005-07-24
2005-07-31,0,0.642051407725698,0.183389611473928,1.51101834240799,60.86325,15,154.024921197078,2005-07-31
2005-08-07,3,0.783574012412397,0.233180321741783,1.81366509392059,74.1395,20,186,2005-08-07
2005-08-14,0,0.590371720836324,0.165264779617892,1.42873085034746,55.902,14,148,2005-08-14
2005-08-21,0,0.504572907580483,0.126225976639617,1.24205843713561,47.8275,11,127.024904529992,2005-08-21
2005-08-28,0,0.476571015343167,0.121540476597933,1.12873965051123,45.25925,10,120.024898991253,2005-08-28
2005-09-04,0,0.501988032433383,0.134293361051063,1.2503197033973,47.74225,11,133.024908815724,2005-09-04
2005-09-11,0,0.595269023734666,0.172929848306139,1.40651713955571,56.4015,14,146,2005-09-11
2005-09-18,0,0.792325221859623,0.256070195252254,1.84828983396541,74.89225,21,187.024935054739,2005-09-18
2005-09-25,4,1.22471654826093,0.422613951298171,2.69341206287659,115.50875,34,276.024955947436,2005-09-25
2005-10-02,2,1.06554555498632,0.335662459309218,2.30253306867488,100.43075,29,238,2005-10-02
2005-10-09,0,0.767455912395245,0.236737016510704,1.78238970005635,72.66675,20,181.024932909652,2005-10-09
2005-10-16,0,0.639124940491889,0.179999842401905,1.50318398830226,60.4885,14,154,2005-10-16
2005-10-23,1,0.614533282862339,0.169224185642708,1.50575978973971,58.1315,14,151,2005-10-23
2005-10-30,1,0.545898127793965,0.135019649346451,1.3402366246278,51.60275,11,136.024910817464,2005-10-30
2005-11-06,0,0.433324928330223,0.104174301365334,1.10112413740982,41.182,8,112,2005-11-06
2005-11-13,0,0.382046011267054,0.0830801885262834,0.978820761559501,36.37625,7,105,2005-11-13
2005-11-20,0,0.363702453085839,0.0765701267137067,0.952972947419734,34.527,6,99,2005-11-20
2005-11-27,0,0.370921810990575,0.0857120661174279,0.970679670103499,35.23925,7,100,2005-11-27
2005-12-04,0,0.412438838138437,0.0995809959425207,1.06868868759714,39.1645,8,107.024886794094,2005-12-04
2005-12-11,2,0.499449096589752,0.129366592551254,1.23620271510021,47.3835,10,127,2005-12-11
2005-12-18,0,0.433829557856541,0.101863411421949,1.12903770320406,41.04975,9,115,2005-12-18
2005-12-25,0,0.417730278223036,0.0978987356615168,1.09098035178328,39.47575,8,106.024885732695,2005-12-25
2006-01-01,0,0.428744844085886,0.105439865477677,1.05070106151243,40.49025,8,106,2006-01-01
2006-01-08,0,0.493422721638283,0.128979544144992,1.21165912200166,46.5675,11,124,2006-01-08
2006-01-15,0,0.620782500144175,0.184342716295098,1.46556838864073,58.69875,15,153,2006-01-15
2006-01-22,1,0.87576145424706,0.281843478659054,1.90504750731885,82.58475,24,195.049751675262,2006-01-22
2006-01-29,0,1.21546065495484,0.433949153253802,2.56849577255043,114.683,35,268.024954635654,2006-01-29
2006-02-05,8,2.18132298897366,0.855208678999743,4.41424157185591,206.07625,70,455.04989316618,2006-02-05
2006-02-12,0,1.14825768951875,0.393231829142347,2.51496732032458,109.01175,32,267,2006-02-12
2006-02-19,0,0.772946532481234,0.233549726573928,1.78292343844072,73.5375,19,187,2006-02-19
2006-02-26,0,0.606070196623754,0.169391909962485,1.40103503147184,57.71025,14,149,2006-02-26
2006-03-05,0,0.543753374444661,0.149776158333247,1.28423526963342,51.6505,12.9740121304211,134.024909492881,2006-03-05
2006-03-12,0,0.543531720237689,0.149317247187834,1.29273561137572,51.58425,12,137,2006-03-12
2006-03-19,0,0.611626515155365,0.178263234403948,1.43091233672657,57.95125,15,147,2006-03-19
2006-03-26,1,0.780364492294587,0.249201929911776,1.75510286017834,73.79725,21,189.024935739607,2006-03-26
2006-04-02,0,0.949760285211928,0.301655183298758,2.11273931016823,89.84725,25.9745190307642,222.024945263608,2006-04-02
2006-04-09,6,1.39734683517285,0.488382323479251,3.00267306396076,132.11675,41,320,2006-04-09
2006-04-16,0,0.770068670464823,0.232443362788915,1.7767411718705,72.83725,19,188,2006-04-16
2006-04-23,0,0.495177403952369,0.118634302760782,1.2200106796563,47.12275,11,130,2006-04-23
2006-04-30,0,0.353432134067744,0.0699478651276069,0.942868172498244,33.52225,6,95.0248725926476,2006-04-30
2006-05-07,0,0.275487536766254,0.0470637806156387,0.801119960012042,26.0905,4,79.0248470014666,2006-05-07
2006-05-14,0,0.225958723637219,0.0352198923367778,0.678667417681775,21.405,3,67,2006-05-14
2006-05-21,0,0.194909770094603,0.0274903487276986,0.583092410272525,18.4215,2,61,2006-05-21
2006-05-28,0,0.176785908500335,0.0231475373423628,0.538376114383581,16.7245,2,54,2006-05-28
2006-06-04,0,0.165366499901929,0.0215577047817746,0.504057843208128,15.6095,2,50,2006-06-04
2006-06-11,0,0.160344820970228,0.0208899273903629,0.502481046648771,15.08225,2,49.0247545673038,2006-06-11
2006-06-18,0,0.162524892911522,0.0213754879303678,0.496947281131715,15.3615,2,51,2006-06-18
2006-06-25,0,0.169430196246884,0.0230202564349834,0.5181308494969,16.00275,2,54,2006-06-25
2006-07-02,0,0.182151935399563,0.0269093477741565,0.560129974319818,17.26325,2,56,2006-07-02
2006-07-09,0,0.206371686890072,0.0324003382583311,0.609831729455363,19.50275,3,61,2006-07-09
2006-07-16,0,0.24351211218262,0.0417351143774633,0.69995331068483,23.01825,4,70,2006-07-16
2006-07-23,1,0.302438990393474,0.0537374290753082,0.859436358332911,28.409,5,84,2006-07-23
2006-07-30,0,0.314017638392668,0.0577700053915316,0.876435696742832,29.49575,5,87,2006-07-30
2006-08-06,1,0.35180649940518,0.0674916243785577,0.962168606653095,33.07075,6,93,2006-08-06
2006-08-13,0,0.337708614067133,0.0651652716188638,0.894098577383999,31.7875,6,89.0248640663403,2006-08-13
2006-08-20,0,0.347839170373924,0.0702430005346119,0.911370369407691,32.6585,6,92,2006-08-20
2006-08-27,2,0.384836175657369,0.085183345745598,0.991039024175007,36.082,8,99.0495140279872,2006-08-27
2006-09-03,0,0.286244314659961,0.0550995378847657,0.773427615133148,26.999,5,78,2006-09-03
2006-09-10,0,0.228179690689148,0.0343902021723471,0.670342121306427,21.4795,3,65,2006-09-10
2006-09-17,0,0.191219080392744,0.024215477800171,0.584158039147715,17.97775,2,57,2006-09-17
2006-09-24,0,0.168185017463868,0.0202531361738186,0.513090355304561,15.828,2,51,2006-09-24
2006-10-01,0,0.150359756201262,0.0166267373942491,0.477889822501015,14.173,2,48,2006-10-01
2006-10-08,0,0.140644977277128,0.015949097504115,0.466409886173378,13.246,1,45,2006-10-08
2006-10-15,0,0.137179356161039,0.0146022375474749,0.457109222726253,12.93475,1,44,2006-10-15
2006-10-22,0,0.134323512142814,0.0140942938559973,0.433127352589083,12.60625,1,42,2006-10-22
2006-10-29,0,0.137257303525914,0.0157815319145512,0.438909275297839,12.91,1,43,2006-10-29
2006-11-05,0,0.140624602351502,0.0151194503884374,0.460741650635705,13.263,1,45,2006-11-05
2006-11-12,0,0.146711849872465,0.0179248220598096,0.452792849879434,13.7935,2,46,2006-11-12
2006-11-19,0,0.161099216938115,0.0225142517443583,0.484448764778701,15.20175,2,48,2006-11-19
2006-11-26,0,0.18388032654466,0.0268682804292023,0.553488769286871,17.311,2,54,2006-11-26
2006-12-03,0,0.219587752618221,0.0403713563660305,0.641189572074052,20.70975,3,65,2006-12-03
2006-12-10,0,0.272376284578622,0.0561774171404205,0.759340948844823,25.7325,5,77,2006-12-10
2006-12-17,0,0.349573948309782,0.0765901854996375,0.916584143955028,32.98075,7,93,2006-12-17
2006-12-24,2,0.487506133899548,0.118214885411596,1.26378493205654,45.82275,11,125,2006-12-24
2006-12-31,2,0.484390299990997,0.118820811385436,1.18667783456611,45.43375,11,125,2006-12-31
2007-01-07,0,0.342703312203008,0.0680264987813586,0.938572345182215,32.3325,6,93,2007-01-07
2007-01-14,0,0.264395428628204,0.0456271350492275,0.753430019472435,24.98575,4,76,2007-01-14
2007-01-21,0,0.211363537033861,0.0299963395312838,0.611210556865293,19.9755,3,63,2007-01-21
2007-01-28,0,0.175678340442459,0.0223859784271513,0.544827231219276,16.57125,2,54,2007-01-28
2007-02-04,0,0.154022003915789,0.0173508507896808,0.510961865168677,14.51625,2,50,2007-02-04
2007-02-11,0,0.134113561752732,0.0146802094965784,0.448667536567598,12.5715,1,43,2007-02-11
2007-02-18,0,0.123436227486757,0.0146816084862331,0.424310955385171,11.5695,1,40,2007-02-18
2007-02-25,0,0.116147568118139,0.012295920777587,0.39908535442968,10.9085,1,37,2007-02-25
2007-03-04,0,0.110773944474158,0.0115188433152672,0.388598882298606,10.42925,1,38,2007-03-04
2007-03-11,0,0.105619407493052,0.0112182828699401,0.354526742606909,9.9015,1,36,2007-03-11
2007-03-18,0,0.104947025358291,0.0109590395383066,0.356374650017223,9.8625,1,35,2007-03-18
2007-03-25,0,0.105497603267296,0.0114649146262769,0.356488742421375,9.8955,1,34.0246483364457,2007-03-25
2007-04-01,0,0.108432194141431,0.0117935162399737,0.359537686667554,10.1565,1,36,2007-04-01
2007-04-08,0,0.111742610529799,0.0124998774946785,0.375939526236665,10.47925,1,36,2007-04-08
2007-04-15,0,0.116712442281617,0.0138249612896771,0.375872785645906,10.98475,1,36,2007-04-15
2007-04-22,0,0.126675765527167,0.0151109737907628,0.409255909637293,11.88525,1,39,2007-04-22
2007-04-29,0,0.138523415232161,0.0186951600690333,0.433979456876194,12.957,2,42,2007-04-29
2007-05-06,1,0.153878781112331,0.0240093659550814,0.477365951196511,14.4015,2,47,2007-05-06
2007-05-13,0,0.134998743522883,0.0171402637278657,0.432376636360091,12.60975,2,42,2007-05-13
2007-05-20,0,0.121692697972216,0.0133927642468855,0.406097579995159,11.3575,1,39,2007-05-20
2007-05-27,0,0.113336128881425,0.0125526512522104,0.379832802194558,10.5805,1,36,2007-05-27
2007-06-03,0,0.105847197878558,0.0118090349580976,0.361502616978669,9.838,1,34,2007-06-03
2007-06-10,0,0.100128602880507,0.0112220441318693,0.349440511711196,9.3115,1,31,2007-06-10
2007-06-17,0,0.0966358640540561,0.0108904923609653,0.330793587568236,8.9875,1,32,2007-06-17
2007-06-24,0,0.0950473008529482,0.010788586883273,0.330435427051445,8.818,1,32,2007-06-24
2007-07-01,0,0.0922000684782383,0.0105496586581162,0.31656426402011,8.549,1,30,2007-07-01
2007-07-08,0,0.089572848281738,0.0112200502539512,0.316978027286989,8.32925,1,29.0245890435772,2007-07-08
2007-07-15,0,0.0878641031959202,0.0108934433692382,0.300849517553392,8.178,1,29,2007-07-15
2007-07-22,0,0.0875609887281287,0.0108936903404958,0.299015006422105,8.1245,1,28,2007-07-22
2007-07-29,0,0.0866696731609818,0.0106510423935506,0.310130045225408,8.0365,1,27,2007-07-29
2007-08-05,0,0.0864326146588856,0.0111647710192775,0.294833269900604,8.04,1,28,2007-08-05
2007-08-12,0,0.0847043352524728,0.0106512800535587,0.292004745340641,7.877,1,28,2007-08-12
2007-08-19,0,0.0841592477115689,0.010599887675182,0.28865312221767,7.8425,1,28,2007-08-19
2007-08-26,0,0.0831508307800193,0.010181550281044,0.280384026530804,7.726,1,26,2007-08-26
2007-09-02,0,0.0843219835625229,0.0102334614374903,0.296454680805979,7.815,1,27,2007-09-02
2007-09-09,0,0.0839494467566122,0.0103727165998523,0.28807209301424,7.77675,1,27,2007-09-09
2007-09-16,0,0.0842257925510171,0.0101706555651734,0.288764227589142,7.7875,1,27,2007-09-16
2007-09-23,0,0.0836148858391535,0.0103843231083015,0.295620602390402,7.74125,1,27,2007-09-23
2007-09-30,0,0.0837674327352768,0.0102496951838908,0.282721246201951,7.75225,1,27,2007-09-30
2007-10-07,0,0.0830180161738213,0.010144157171471,0.286492890482935,7.69275,1,27,2007-10-07
2007-10-14,0,0.0832821543462508,0.0100415875610782,0.285685977333341,7.7395,1,28,2007-10-14
2007-10-21,0,0.0837990699510967,0.0100719178351046,0.287982262937267,7.788,1,28,2007-10-21
2007-10-28,0,0.0856278351882797,0.0105417470728737,0.307023322855358,7.93175,1,28,2007-10-28
2007-11-04,0,0.0862019078561523,0.0108118991785752,0.302712244185551,7.96275,1,29,2007-11-04
2007-11-11,0,0.0870588204669116,0.0106319892984696,0.308333683019195,8.041,1,29,2007-11-11
2007-11-18,0,0.086930317407044,0.0104848416311971,0.294687475359361,8.0375,1,27,2007-11-18
2007-11-25,0,0.0882129397637712,0.0108542710006767,0.304713380400389,8.1645,1,28,2007-11-25
2007-12-02,0,0.0905670240035661,0.0106298138174994,0.316985490457224,8.4235,1,29,2007-12-02
2007-12-09,0,0.094689379723233,0.0106990826053785,0.332498883528213,8.737,1,31,2007-12-09
2007-12-16,0,0.0962729073768031,0.0108687030741179,0.327426499763462,8.9125,1,30,2007-12-16
2007-12-23,0,0.100233960684974,0.0116424780215255,0.338992900995156,9.2465,1,33,2007-12-23
2007-12-30,0,0.104586119120548,0.0112689700558958,0.355714557403588,9.6775,1,34,2007-12-30
2008-01-06,0,0.11263565975756,0.0121217349916531,0.378763643413174,10.44875,1,36,2008-01-06
2008-01-13,0,0.121762110196499,0.0136376771634635,0.392335476152821,11.30675,1,37,2008-01-13
2008-01-20,0,0.133377100661805,0.0163160273410351,0.441499419658131,12.39275,2,41,2008-01-20
2008-01-27,0,0.151423092939061,0.019587384212045,0.493855842858393,14.07025,2,47,2008-01-27
2008-02-03,0,0.173268864006066,0.0258022677988776,0.527722782084795,16.12825,2,51.024764069867,2008-02-03
2008-02-10,0,0.208645288600789,0.0341721579632709,0.620475901737642,19.3765,3,61,2008-02-10
2008-02-17,2,0.259936831933913,0.0488302840177273,0.756683541521058,24.1645,4,74,2008-02-17
2008-02-24,0,0.207730392098099,0.0307243840195802,0.621053381567315,19.37675,3,60,2008-02-24
2008-03-02,0,0.174803826902122,0.0218286082457841,0.539103896120536,16.31375,2,53,2008-03-02
2008-03-09,0,0.15168290996395,0.0162873538485584,0.477407545348621,14.1815,2,49,2008-03-09
2008-03-16,0,0.133998172591373,0.0144325265471906,0.422492668287008,12.56625,1,43.0247208354124,2008-03-16
2008-03-23,0,0.121362134800022,0.0137547990202504,0.404705298523768,11.3365,1,39,2008-03-23
2008-03-30,0,0.111498736363258,0.0127436440679814,0.372321110363234,10.43675,1,37,2008-03-30
2008-04-06,0,0.103446934930329,0.0112436286465529,0.354132126524542,9.64125,1,34,2008-04-06
2008-04-13,0,0.098525015895706,0.0110135626750452,0.338307826133491,9.151,1,33,2008-04-13
2008-04-20,0,0.0961056714241902,0.0106252327088558,0.330979980825672,8.94325,1,33,2008-04-20
2008-04-27,0,0.0923762228794921,0.0106940616826191,0.31688347805455,8.5865,1,31,2008-04-27
2008-05-04,0,0.0905915865260667,0.0105179181653985,0.31521927328543,8.38325,1,29,2008-05-04
2008-05-11,0,0.0886517517154486,0.0105964842111053,0.306693549013715,8.19175,1,30,2008-05-11
2008-05-18,0,0.0877143113614257,0.0102093560718771,0.300752912197125,8.0915,1,29,2008-05-18
2008-05-25,0,0.0879576278290035,0.0102581132478313,0.311139746158945,8.075,1,29,2008-05-25
2008-06-01,0,0.0856499740001775,0.01020396536821,0.296395757013826,7.88825,1,28,2008-06-01
2008-06-08,0,0.084205301077921,0.00979220523926298,0.288970864716534,7.7675,1,27,2008-06-08
2008-06-15,0,0.0832681439677951,0.00989824155086789,0.286611291753947,7.697,1,27,2008-06-15
2008-06-22,0,0.0838861893882082,0.0102986542872447,0.293844010053516,7.747,1,28,2008-06-22
2008-06-29,0,0.0828612983992141,0.0103813486813969,0.292789105829805,7.64675,1,26,2008-06-29
2008-07-06,0,0.0832012851638861,0.0103217814823786,0.291918663736368,7.70575,1,26,2008-07-06
2008-07-13,0,0.0855296051887525,0.0104155612162794,0.287737250883845,7.87125,1,27,2008-07-13
2008-07-20,0,0.0830740733247185,0.0100410657424548,0.276266497923093,7.6245,1,26,2008-07-20
2008-07-27,0,0.0852284917963109,0.0103225399544724,0.306358445919339,7.82975,1,28,2008-07-27
2008-08-03,0,0.0855827730162005,0.00998114218441589,0.296730342672449,7.8465,1,28,2008-08-03
2008-08-10,0,0.0843099918114884,0.0101030847206841,0.294623713192179,7.7205,1,27,2008-08-10
2008-08-17,0,0.0844672067743127,0.0102071288477303,0.297401759377193,7.75925,1,27,2008-08-17
2008-08-24,0,0.0826914564672132,0.00987953431468041,0.290791043901462,7.61125,1,28,2008-08-24
2008-08-31,0,0.0821908893596884,0.0100001824112036,0.288017555133757,7.56825,1,27,2008-08-31
2008-09-07,0,0.0829086802953302,0.01010098939802,0.28119897098389,7.64125,1,27,2008-09-07
2008-09-14,0,0.083037214569843,0.0102027436526262,0.288227066076086,7.64475,1,27,2008-09-14
2008-09-21,0,0.0833543976061817,0.0100633349795955,0.306560002540911,7.68475,1,28,2008-09-21
2008-09-28,0,0.0847864509665988,0.0105806689966166,0.299064501224563,7.81625,1,28,2008-09-28
2008-10-05,0,0.0843891987394352,0.0103619408912831,0.293037273677094,7.8035,1,27,2008-10-05
2008-10-12,0,0.0859196230173583,0.0100578302058617,0.305290203253176,7.94925,1,28,2008-10-12
2008-10-19,0,0.0867200303560496,0.0102407809529155,0.293720765474676,8.014,1,28,2008-10-19
2008-10-26,0,0.0883111825291006,0.0104612084649773,0.302483123834671,8.16375,1,28,2008-10-26
2008-11-02,0,0.0890438586089798,0.0106477171439259,0.301892711601142,8.227,1,28,2008-11-02
2008-11-09,0,0.09074737168291,0.0106623691153854,0.323336510143316,8.416,1,30,2008-11-09
2008-11-16,0,0.0940323988041683,0.0109770485678448,0.322462611346752,8.70225,1,30,2008-11-16
2008-11-23,0,0.0957357328123269,0.0119716679863955,0.329349479940978,8.859,1,31,2008-11-23
2008-11-30,0,0.100067981337929,0.0111593616483467,0.343012607259718,9.30575,1,32,2008-11-30
2008-12-07,0,0.106386903878439,0.0119169964396599,0.364286926991537,9.86925,1,34,2008-12-07
2008-12-14,0,0.112682667666566,0.0124816522249372,0.385339339057469,10.45725,1,37,2008-12-14
2008-12-21,0,0.122395602709566,0.0135466429726863,0.394804587194405,11.36575,1,39,2008-12-21
2008-12-28,0,0.135449514544339,0.0160374672922189,0.441433619573494,12.5455,2,41,2008-12-28
2009-01-04,1,0.154206976904854,0.0217569395342768,0.485088337659924,14.29375,2,47,2009-01-04
2009-01-11,0,0.134853495590391,0.0151181141371052,0.429908733082376,12.56225,1,41,2009-01-11
2009-01-18,0,0.122992985861543,0.0130185066644665,0.405475276044659,11.4665,1,40,2009-01-18
2009-01-25,0,0.112907958462954,0.0115971282573745,0.380106513843794,10.54275,1,38,2009-01-25
2009-02-01,0,0.107059504848897,0.0116326600275323,0.370283831569925,9.99675,1,35,2009-02-01
2009-02-08,0,0.102156741592217,0.0106162042442114,0.345704243704046,9.52725,1,34.0246483364457,2009-02-08
2009-02-15,0,0.0990639271244036,0.0108353866974987,0.337431218173011,9.18775,1,32,2009-02-15
2009-02-22,0,0.0963499531329535,0.0106162061721306,0.334554970050427,8.91525,1,31,2009-02-22
2009-03-01,0,0.0947659042574497,0.010486523452659,0.332280056853465,8.761,1,32,2009-03-01
2009-03-08,0,0.0925569403981088,0.010791301987556,0.313815096303709,8.59275,1,30,2009-03-08
2009-03-15,0,0.094307541371348,0.0108565593482494,0.32392097539011,8.74925,1,32.0246267983119,2009-03-15
2009-03-22,0,0.0955809914078246,0.0108816210593226,0.321042526630969,8.87775,1,32,2009-03-22
2009-03-29,0,0.0968193256200079,0.0109054554868284,0.329780285104781,8.9945,1,33,2009-03-29
2009-04-05,0,0.0977977114352565,0.010925636949751,0.332874946186302,9.0805,1,31,2009-04-05
2009-04-12,0,0.100424643141617,0.012181426019055,0.336635524086215,9.313,1,32,2009-04-12
2009-04-19,0,0.103747300100908,0.01210469834551,0.369957821544081,9.664,1,34,2009-04-19
2009-04-26,0,0.110212915763951,0.0125666285853845,0.375920552131123,10.26525,1,35.0246581993655,2009-04-26
2009-05-03,0,0.119602693521581,0.0131348075468301,0.411816778768125,11.1555,1,39,2009-05-03
2009-05-10,0,0.132893843622296,0.0153350902116981,0.44831758623763,12.4525,1,43,2009-05-10
2009-05-17,0,0.148284121521054,0.0201039620292482,0.46209142792113,13.87075,2,46,2009-05-17
2009-05-24,0,0.168186769431091,0.0247119689042607,0.514382753820951,15.80525,2,50,2009-05-24
2009-05-31,0,0.19964193510363,0.0315009297765593,0.593753842184285,18.737,3,57,2009-05-31
2009-06-07,0,0.245001718029162,0.0428283120853857,0.684691961450392,23.1015,4,70,2009-06-07
2009-06-14,0,0.317305141371169,0.0625061257700997,0.85251434727794,29.83325,5,88,2009-06-14
2009-06-21,1,0.438997135989838,0.100448709303956,1.1218503868528,41.318,9,112,2009-06-21
2009-06-28,1,0.532584378539848,0.130921029570893,1.31906886814529,50.0005,11,132.024908128358,2009-06-28
2009-07-05,2,0.581894719439035,0.142770682104925,1.39969069340773,54.82725,13,142.024914568372,2009-07-05
2009-07-12,1,0.472926871913106,0.109389768498751,1.18004133443172,44.63875,9,125,2009-07-12
2009-07-19,0,0.337571571128953,0.0634897822175924,0.909197036678828,31.8315,6,91,2009-07-19
2009-07-26,0,0.261575366143924,0.0412879635215847,0.729788250699792,24.70725,3,74,2009-07-26
2009-08-02,0,0.210122016938339,0.0293480146277101,0.622451234923845,19.8375,3,63,2009-08-02
2009-08-09,0,0.176420818700255,0.021583300066852,0.555904141443148,16.64875,2,54,2009-08-09
2009-08-16,0,0.153873952166568,0.01857580423925,0.493078552155197,14.46825,2,47,2009-08-16
2009-08-23,0,0.137411412479072,0.0154641097342008,0.436931747325671,12.9,1,42,2009-08-23
2009-08-30,0,0.127696656147619,0.0136402955209401,0.429447796011602,11.96375,1,42,2009-08-30
2009-09-06,0,0.118857848027119,0.0124551967142758,0.388139876350889,11.12325,1,38,2009-09-06
2009-09-13,0,0.113677775639449,0.0120578032000137,0.373780160214591,10.62475,1,35,2009-09-13
2009-09-20,0,0.108146597194978,0.0118794969243719,0.356339446291081,10.08625,1,34,2009-09-20
2009-09-27,0,0.108676037791505,0.0116104842354549,0.373592257553394,10.16675,1,35,2009-09-27
2009-10-04,0,0.107778818065667,0.0120771008148722,0.361226141460444,10.116,1,37,2009-10-04
2009-10-11,0,0.107870666913682,0.0120052629257283,0.373928867502321,10.15625,1,37,2009-10-11
2009-10-18,0,0.109719782774779,0.0119865542785801,0.38291610080734,10.333,1,37,2009-10-18
2009-10-25,0,0.113817638834488,0.0131592047840246,0.377063945424597,10.65575,1,36,2009-10-25
2009-11-01,0,0.117813106643032,0.0129618617967592,0.390680770638639,11.012,1,38,2009-11-01
2009-11-08,0,0.126282115571277,0.0151723605314715,0.403244736125895,11.84325,1,41,2009-11-08
2009-11-15,0,0.140866954537234,0.0178663829264618,0.44808920124268,13.2035,2,45,2009-11-15
2009-11-22,0,0.157337520044149,0.0208159600423417,0.487120677821744,14.76475,2,48,2009-11-22
2009-11-29,0,0.181355026543113,0.0271164895783561,0.544809584339546,16.9915,2,54,2009-11-29
2009-12-06,0,0.221417611968036,0.0354288465881078,0.652672815932228,20.75375,3,61,2009-12-06
2009-12-13,1,0.279043551837838,0.0492024225425051,0.775235646474045,26.191,4,78,2009-12-13
2009-12-20,1,0.296355090294604,0.0546752505272286,0.84241467589489,27.76425,5,82,2009-12-20
2009-12-27,0,0.260740723750405,0.0460232634161995,0.757683819295834,24.53525,4,76.0248410138039,2009-12-27
2010-01-03,0,0.240452093760025,0.0399117944732782,0.696826472673648,22.64125,3,69,2010-01-03
2010-01-10,0,0.238948669673485,0.0414432745120645,0.699852668684205,22.5895,3,71,2010-01-10
2010-01-17,0,0.253951845983785,0.0425926086700579,0.737966496117585,23.89625,4,75,2010-01-17
2010-01-24,0,0.276739369527127,0.051913772523502,0.788069664090888,26.14325,4,78.0248450563287,2010-01-24
2010-01-31,0,0.325791131390693,0.0673433272302795,0.898703418364407,30.74625,6,91,2010-01-31
2010-02-07,2,0.414961168499221,0.0931867735893508,1.1099067961457,39.02725,8,110,2010-02-07
2010-02-14,0,0.366638279988743,0.0739849344629483,0.988055256585387,34.46075,7,101,2010-02-14
2010-02-21,1,0.342694803306899,0.0667180319471655,0.93331371185242,32.24225,6,95.0248725926476,2010-02-21
2010-02-28,0,0.278627557535518,0.048886352382226,0.793650299298178,26.309,4,80,2010-02-28
2010-03-07,0,0.236501290562836,0.0355249364331818,0.678411111111093,22.32925,3,68,2010-03-07
2010-03-14,0,0.217670829497108,0.0310492229671084,0.671660400184784,20.49425,3,66,2010-03-14
2010-03-21,0,0.206054273844523,0.0310459615246199,0.623707127399898,19.45325,3,64,2010-03-21
2010-03-28,0,0.207813683824553,0.0302226033961267,0.628655005808321,19.511,3,61.0248023352241,2010-03-28
2010-04-04,0,0.217832957619164,0.032437468972515,0.668556589967256,20.4455,3,66,2010-04-04
2010-04-11,1,0.235492084957251,0.0377091997535701,0.703470400488639,22.102,3,70,2010-04-11
2010-04-18,0,0.212862683394791,0.0283865495037315,0.647832340872266,19.989,3,65,2010-04-18
2010-04-25,0,0.201308808270937,0.0275744515746376,0.59454346164442,18.976,3,60.0247990764668,2010-04-25
2010-05-02,0,0.199553007407917,0.0278549934971975,0.60830759453161,18.7545,3,61.0248023352241,2010-05-02
2010-05-09,1,0.203287508479291,0.0313529409081492,0.60005460782383,19.1015,3,61,2010-05-09
2010-05-16,0,0.170763009042682,0.0237503522622673,0.530769056955004,16.02725,2,52,2010-05-16
2010-05-23,0,0.149354102970171,0.017029686765066,0.489985831636577,14.0335,2,48,2010-05-23
2010-05-30,0,0.133713479315266,0.0142795097992342,0.449180524596199,12.5505,1,43,2010-05-30
2010-06-06,0,0.121678019316173,0.012967026845005,0.388344698892966,11.3615,1,39,2010-06-06
2010-06-13,0,0.11221253288333,0.0123714663424493,0.387092738791516,10.49125,1,37,2010-06-13
2010-06-20,0,0.106132554585708,0.0121159994653246,0.356478551173133,9.92625,1,35,2010-06-20
2010-06-27,0,0.10175906309156,0.0113966306934288,0.346327860311908,9.53275,1,34,2010-06-27
2010-07-04,0,0.0982950181787632,0.0107915723874733,0.343191528494235,9.15275,1,33,2010-07-04
2010-07-11,0,0.0974382133698219,0.0108543077808346,0.323294485920157,9.02775,1,31.0246150085826,2010-07-11
2010-07-18,0,0.0954306436631516,0.0101227213820253,0.329807650521421,8.85025,1,32,2010-07-18
2010-07-25,0,0.0957761234072679,0.0107815509119993,0.323991103602401,8.88375,1,31.0246150085826,2010-07-25
2010-08-01,0,0.0964234167569853,0.0107970247599742,0.33506529512443,8.99075,1,33,2010-08-01
2010-08-08,0,0.0992921740378831,0.0112191257503701,0.325338455185502,9.2705,1,31,2010-08-08
2010-08-15,0,0.1001972443322,0.0112196441106951,0.334028100157135,9.3065,1,31,2010-08-15
2010-08-22,0,0.102805109149415,0.0115049123223711,0.353203364739706,9.5195,1,34,2010-08-22
2010-08-29,0,0.105939414031937,0.0117166419127116,0.361982512849148,9.7975,1,34,2010-08-29
2010-09-05,0,0.111569533292218,0.0129125894701436,0.34759569553016,10.36325,1,35,2010-09-05
2010-09-12,0,0.122033673812484,0.0146640108037332,0.370998930636219,11.31125,1,37,2010-09-12
2010-09-19,0,0.134465569971627,0.0175032980733562,0.433606003554062,12.42575,2,39.0246926765159,2010-09-19
2010-09-26,1,0.153566014039597,0.022590705604971,0.481520162224532,14.17675,2,46,2010-09-26
2010-10-03,0,0.137218498589943,0.0161206071162644,0.435121144935714,12.66325,1,41,2010-10-03
2010-10-10,0,0.121605567375104,0.0127332385000154,0.397566693062456,11.233,1,37,2010-10-10
2010-10-17,0,0.112778142182495,0.011610520423507,0.365430320808552,10.4505,1,35,2010-10-17
2010-10-24,0,0.106512780121873,0.0114777964125138,0.368316904629757,9.8405,1,34,2010-10-24
2010-10-31,0,0.100822040221467,0.0108757276003514,0.36735912267275,9.3045,1,34.0246483364457,2010-10-31
2010-11-07,0,0.096466526793672,0.0106132269161869,0.345325320843871,8.93475,1,32,2010-11-07
2010-11-14,0,0.0944182454238917,0.0108355171127892,0.325338455185502,8.762,1,32,2010-11-14
2010-11-21,0,0.0912164708392863,0.0109170588379306,0.320312187472035,8.48175,1,30,2010-11-21
2010-11-28,0,0.0905411952840273,0.0102018393358245,0.314335845948031,8.42025,1,30,2010-11-28
2010-12-05,0,0.0905407766107758,0.0105599048395192,0.3103533960064,8.4215,1,29.0245890435772,2010-12-05
2010-12-12,0,0.0891434391529723,0.0104863197944514,0.316505968106728,8.26375,1,29,2010-12-12
2010-12-19,0,0.0883526881489624,0.0105917605565023,0.323636691385931,8.1735,1,29,2010-12-19
2010-12-26,0,0.0889514194453027,0.0104244634137451,0.302611560701407,8.21,1,29.0245890435772,2010-12-26
2011-01-02,0,0.088880226922589,0.0106030617130495,0.311481499387627,8.1985,1,29,2011-01-02
2011-01-09,0,0.0892270946324114,0.0106835064674485,0.319884581119363,8.25775,1,30,2011-01-09
2011-01-16,0,0.0882223378333807,0.0104784653004787,0.307043330828375,8.14575,1,28,2011-01-16
2011-01-23,0,0.0887496705686666,0.0112091826503754,0.300889978610855,8.23675,1,28,2011-01-23
2011-01-30,0,0.090713292521734,0.0106875867822277,0.303255562630319,8.4165,1,30,2011-01-30
2011-02-06,0,0.0920702471976966,0.0108745565858086,0.308274186882821,8.509,1,29,2011-02-06
2011-02-13,0,0.0935850679716356,0.0110135199111577,0.317388312507969,8.6785,1,29.0245890435772,2011-02-13
2011-02-20,0,0.0952986813280591,0.0112553052614709,0.327741519993432,8.833,1,32,2011-02-20
2011-02-27,0,0.0995720516590587,0.0113083346045256,0.337581513080828,9.2405,1,32,2011-02-27
2011-03-06,1,0.104121827193816,0.01109813946366,0.362814583900064,9.66325,1,34,2011-03-06
2011-03-13,0,0.078233219391565,0,0.298890161273729,7.3055,0,29,2011-03-13
2011-03-20,0,0.0613989719082658,0,0.267572832045182,5.778,0,26,2011-03-20
2011-03-27,0,0.0489646063995701,0,0.237640125420636,4.61725,0,23,2011-03-27
2011-04-03,0,0.03907317627986,0,0.202246833401107,3.685,0,20,2011-04-03
2011-04-10,0,0.0308737183265406,0,0.181714100512551,2.9325,0,18,2011-04-10
2011-04-17,0,0.0250255834387065,0,0.150905144775926,2.37375,0,15,2011-04-17
2011-04-24,0,0.0206355270539626,0,0.147897741939619,1.9865,0,14,2011-04-24
2011-05-01,0,0.0160580084191403,0,0.126957694663492,1.54625,0,12,2011-05-01
2011-05-08,0,0.012714473661078,0,0.111790429770792,1.23425,0,11,2011-05-08
2011-05-15,0,0.0103378912244469,0,0.100589734100621,1.01325,0,10,2011-05-15
2011-05-22,0,0.00817386845920345,0,0.0880585879323685,0.8035,0,9,2011-05-22
2011-05-29,0,0.00671768540802446,0,0.0750887679501587,0.6575,0,7,2011-05-29
2011-06-05,0,0.00525347405233225,0,0.0667021611936307,0.50975,0,6.02500000000009,2011-06-05
2011-06-12,0,0.00438463222761407,0,0.0568573464631407,0.434,0,5,2011-06-12
2011-06-19,0,0.00349460247681359,0,0.0474035235869826,0.3455,0,5,2011-06-19
2011-06-26,0,0.00297254518810253,0,0.0375306384973128,0.29575,0,4,2011-06-26
2011-07-03,0,0.00234777901599002,0,0.0284818975385271,0.24025,0,3,2011-07-03
2011-07-10,0,0.00184378929474784,0,0.0206263790784965,0.1915,0,2,2011-07-10
2011-07-17,0,0.00150503521037566,0,0.0120967457364914,0.1525,0,1,2011-07-17
2011-07-24,0,0.00112425792250668,0,0.00739298193633371,0.11275,0,1,2011-07-24
2011-07-31,0,0.000912039561328608,0,0,0.092,0,0,2011-07-31
2011-08-07,0,0.000746612162667289,0,0,0.076,0,0,2011-08-07
2011-08-14,0,0.000601946085019743,0,0,0.0605,0,0,2011-08-14
2011-08-21,0,0.000464064480873827,0,0,0.0465,0,0,2011-08-21
2011-08-28,0,0.000442841105713122,0,0,0.0435,0,0,2011-08-28
2011-09-04,0,0.000364920761632558,0,0,0.03475,0,0,2011-09-04
2011-09-11,0,0.000320338086568166,0,0,0.03075,0,0,2011-09-11
2011-09-18,0,0.000239791222948226,0,0,0.023,0,0,2011-09-18
2011-09-25,0,0.000218280211082621,0,0,0.02,0,0,2011-09-25
2011-10-02,0,0.000209465960595908,0,0,0.01975,0,0,2011-10-02
2011-10-09,0,0.000254309820189983,0,0,0.02425,0,0,2011-10-09
2011-10-16,0,0.000185311236487456,0,0,0.018,0,0,2011-10-16
2011-10-23,0,0.000169705539414415,0,0,0.0175,0,0,2011-10-23
2011-10-30,0,7.41964011881692e-05,0,0,0.00725,0,0,2011-10-30
2011-11-06,0,8.42605660870782e-05,0,0,0.008,0,0,2011-11-06
2011-11-13,0,8.54886594983904e-05,0,0,0.00825,0,0,2011-11-13
2011-11-20,0,4.68286728163231e-05,0,0,0.00475,0,0,2011-11-20
2011-11-27,0,6.0910929861738e-05,0,0,0.006,0,0,2011-11-27
2011-12-04,0,5.61471387744975e-05,0,0,0.0055,0,0,2011-12-04
2011-12-11,0,4.49235804576749e-05,0,0,0.0045,0,0,2011-12-11
